,recipe_name
0,Apple-Cranberry Crostada
1,Apple Pie by Grandma Ople
2,Sarah's Homemade Applesauce
3,Apple Crisp
4,Apple Pie Filling
5,Easy Apple Crisp with Oat Topping
6,Easy Apple Cider
7,Apple-Cranberry Crisp
8,Old-Fashioned Apple Dumplings
9,Southern Fried Apples
10,Apple Turnovers
11,Apple Crisp - Perfect and Easy
12,The Best Caramel Apples
13,Mulligatawny Soup
14,Sauteed Apples
15,Homemade Apple Cider
16,Canned Apple Pie Filling
17,Easy Apple Pie
18,Apple Crumb Pie
19,Caramel Apples
20,German Apple Cake
21,"Awesome Sausage, Apple and Cranberry Stuffing"
22,Apple Hand Pies
23,Amazing Apple Butter
24,Easy Apple Cinnamon Muffins
25,Debbie's Amazing Apple Bread
26,Mom's Apple Fritters
27,Easy Apple Crisp with Pie Filling
28,Apple Strudel Muffins
29,Delicious Cinnamon Baked Apples
30,Waldorf Salad
31,Apple-Cranberry Crostada
32,Apple Pie by Grandma Ople
33,Sarah's Homemade Applesauce
34,Apple Crisp
35,Apple Pie Filling
36,Easy Apple Crisp with Oat Topping
37,Easy Apple Cider
38,Apple-Cranberry Crisp
39,Old-Fashioned Apple Dumplings
40,Southern Fried Apples
41,Apple Turnovers
42,Apple Crisp - Perfect and Easy
43,The Best Caramel Apples
44,Mulligatawny Soup
45,Sauteed Apples
46,Homemade Apple Cider
47,Canned Apple Pie Filling
48,Easy Apple Pie
49,Apple Crumb Pie
50,Caramel Apples
51,German Apple Cake
52,"Awesome Sausage, Apple and Cranberry Stuffing"
53,Apple Hand Pies
54,Amazing Apple Butter
55,Easy Apple Cinnamon Muffins
56,Debbie's Amazing Apple Bread
57,Mom's Apple Fritters
58,Easy Apple Crisp with Pie Filling
59,Apple Strudel Muffins
60,Delicious Cinnamon Baked Apples
61,Waldorf Salad
62,Apple-Cranberry Crostada
63,Apple Pie by Grandma Ople
64,Sarah's Homemade Applesauce
65,Apple Crisp
66,Apple Pie Filling
67,Easy Apple Crisp with Oat Topping
68,Easy Apple Cider
69,Apple-Cranberry Crisp
70,Old-Fashioned Apple Dumplings
71,Southern Fried Apples
72,Apple Turnovers
73,Apple Crisp - Perfect and Easy
74,The Best Caramel Apples
75,Mulligatawny Soup
76,Sauteed Apples
77,Homemade Apple Cider
78,Canned Apple Pie Filling
79,Easy Apple Pie
80,Apple Crumb Pie
81,Caramel Apples
82,German Apple Cake
83,"Awesome Sausage, Apple and Cranberry Stuffing"
84,Apple Hand Pies
85,Amazing Apple Butter
86,Easy Apple Cinnamon Muffins
87,Debbie's Amazing Apple Bread
88,Mom's Apple Fritters
89,Easy Apple Crisp with Pie Filling
90,Apple Strudel Muffins
91,Delicious Cinnamon Baked Apples
92,Waldorf Salad
93,Apple-Cranberry Crostada
94,Apple Pie by Grandma Ople
95,Sarah's Homemade Applesauce
96,Apple Crisp
97,Apple Pie Filling
98,Easy Apple Crisp with Oat Topping
99,Easy Apple Cider
100,Apple-Cranberry Crisp
101,Old-Fashioned Apple Dumplings
102,Southern Fried Apples
103,Apple Turnovers
104,Apple Crisp - Perfect and Easy
105,The Best Caramel Apples
106,Mulligatawny Soup
107,Sauteed Apples
108,Homemade Apple Cider
109,Canned Apple Pie Filling
110,Easy Apple Pie
111,Apple Crumb Pie
112,Caramel Apples
113,German Apple Cake
114,"Awesome Sausage, Apple and Cranberry Stuffing"
115,Apple Hand Pies
116,Amazing Apple Butter
117,Easy Apple Cinnamon Muffins
118,Debbie's Amazing Apple Bread
119,Mom's Apple Fritters
120,Easy Apple Crisp with Pie Filling
121,Apple Strudel Muffins
122,Delicious Cinnamon Baked Apples
123,Waldorf Salad
124,Microwave Baked Apples
125,German Apple Pancake
126,Apple Cinnamon Oatmeal Muffins
127,Applesauce Pork Chops
128,All-Day Apple Butter
129,Easy Morning Glory Muffins
130,Apple Oatmeal Crisp
131,Veronica's Apple Pancakes
132,Spiced Applesauce Bread
133,Baked Apple Roses
134,Gramma's Apple Bread Pudding
135,Dutch Apple Pie with Oatmeal Streusel
136,Baked Apples
137,Mincemeat
138,Instant Pot Meatloaf
139,Old Fashioned Apple Pie
140,Quick Puff Pastry Apple Strudel
141,Fried Apple Pies
142,Skillet Apples with Cinnamon
143,Grandma's Iron Skillet Apple Pie
144,Apple Chips
145,Apple Jelly
146,Easy Apple Coleslaw
147,Easy Apple Strudel
148,Pork Tenderloin with Apples and Onions
149,Oliebollen (Dutch Doughnuts)
150,Classic Cherries Jubilee
151,Fresh Cherry Cobbler
152,Cherry Pie Filling
153,Best Boiled Fruitcake
154,Old Fashioned Cocktail
155,Pineapple Upside-Down Bundt Cake
156,Grandma's Skillet Pineapple Upside-Down Cake
157,Chocolate-Covered Cherries
158,Thirty Day Friendship Cake
159,Old Time Mincemeat Pie
160,Baked Ham with Sweet Glaze
161,Fresh Cherry Muffins
162,Easy Fruit Cobbler
163,Pineapple Glaze for Ham
164,Door County Cherry Bounce
165,English Trifle
166,Simple Summer Smoothie
167,The Best Cherry Pie
168,Homemade Old Fashioned Mix
169,Fresh Cherry Crisp
170,Monte Carlo Cocktail
171,Cherry Dump Cake
172,Chocolate Covered Cherry Cookies
173,Baked Fresh Cherry Pie
174,Dried Cherry Cake
175,Chef John's Classic Rice Pudding
176,BC Cherry Jam
177,Cherry Chicken Salad
178,Clafoutis aux Cerises (Classic Clafouti)
179,Sweet Polish Cherry Cake
180,Cherry Winks
181,Cherry Ham Glaze
182,No Bake Fruitcake
183,Vanilla Cherry Ice Cream
184,Dump Cake V
185,Ice Box Fruitcake
186,Crushed Pineapple Fruitcake
187,Cherry Pound Cake
188,Almond Tortoni
189,Ground Cherry Pie II
190,Paleo Almond Date Cookies
191,Cherry Cream Cheese Cake
192,Maraschino Cherry Nut Cake
193,Bing Cherry Congealed Salad
194,Cherry Cheese Pie I
195,Cherry Pie with Almond Crumb Topping
196,Cherry Cheesecake Brownies
197,Fruity Sweet and Sour Sauce
198,Marshmallow Log
199,Preserved Cherries
200,Cherry Chicken
201,Hawaiian Millionaire Pie
202,Sour Cherry Pudding Cake
203,Black Forest Cheesecakes
204,Fresh Fig Cake
205,Fig Preserves
206,Elegant Fig Appetizers with Goat Cheese and Almonds
207,Fig and Arugula Salad
208,Fig Smoothie
209,Strawberry Fig Preserve
210,Fig and Onion Spread
211,Figs and Toasted Almonds Brie
212,Fresh Fig Oatmeal Muffins
213,Fresh Figs and Chicken Thighs in Shallot-Balsamic Reduction
214,Fig and Honey Jam with Walnuts
215,Fresh Fig Freezer Jam
216,Fig-Ricotta Cake
217,August Fig Cookies
218,Fig and Prosciutto Appetizer Bites
219,Fig Cake I
220,Blueberry-Fig Jam
221,Pear-Fig Salad
222,Stuffed Leg of Lamb with Balsamic-Fig-Basil Sauce
223,Bourbon Fig Compote
224,Chicken Tenders with Balsamic-Fig Sauce
225,Fabulous Fig Scones
226,Burrata Bruschetta with Figs
227,Fig Cake II
228,Delish Black Mission Figs!
229,"Orange, Fig, and Gorgonzola Salad"
230,Black Mission Fig Preserves
231,Summer Sweet Smoothies
232,Zurie's Fresh Fig Compote Over Cream Cheese
233,Fig and Ricotta Crostini
234,Risotto with Fresh Figs and Prosciutto
235,Fig and Rosemary Cranberry Sauce
236,Mamma K's Fig Preserves with a Twist
237,Prosciutto-Wrapped Chicken with Figs and Goat Cheese
238,Fresh Fig and Prosciutto Pasta Sauce
239,Momma's Fresh Fig Preserves
240,Fig and Whiskey Cupcakes
241,Figs with Caramelized Onions and Goat Cheese
242,Arugula-Fig Salad with Creamy Gorgonzola
243,Sweet and Spicy Fig Compote
244,Slow Cooker Cranberry Fig Pork
245,Dolce Pesca (Sweet Peaches)
246,Simple Cantaloupe Smoothie
247,Watermelon Lemonade
248,Watermelon Ice Pops
249,Tomato Watermelon Salad
250,Melon Smoothie
251,Watermelon Milkshake
252,Simple Watermelon Sorbet
253,Refreshing Cucumber Watermelon Salad
254,Refreshing Watermelon Salad
255,Watermelon Basil Salad
256,Spicy Watermelon
257,Watermelon Sherbet
258,Watermelon Caprese Appetizer
259,Watermelon Soup
260,Watermelon and Feta Salad with Arugula and Spinach
261,Watermelon Feta Salad
262,Jewel's Watermelon Margaritas
263,Watermelon Preserves
264,Herb Watermelon Feta Salad
265,Polynesian Watermelon Drink ('Otai)
266,"Summer Fruit Salad with a Lemon, Honey, and Mint Dressing"
267,"100% Fruit ""Cake"""
268,Watermelon Lime Agua Fresca
269,Watermelon Goat Cheese Salad
270,Watermelon Fruit Bowl
271,Watermelon and Cucumber Juice with a Spritz of Lime
272,Heavenly Honeydew Juice
273,Watermelon Summer Salad
274,Cantaloupe Crunch
275,Chewy Watermelon Rind Candy
276,Watermelon Margaritas
277,Watermelon Cooler Slushy
278,Quick Cantaloupe Juice
279,Watermelon Rind Candy
280,Agua Fresca
281,Watermelon-Cucumber Agua Fresca
282,Watermelon and Strawberry Lemonade
283,Cantaloupe Bread with Praline Glaze
284,Watermelon Pie
285,Cantaloupe Pie I
286,Avocado Watermelon Salad
287,Chilled Cantaloupe Soup
288,Watermelon and Blue Cheese Salad
289,Watermelon Fire and Ice Salsa
290,Chef John's Watermelon Agua Fresca
291,Green Gazpacho
292,Mojito Fruit Salad
293,Watermelon Juice
294,Watermelon Gin and Tonic
295,Easy Watermelon Martini
296,Lemon Drop Shots
297,Perfect Summer Fruit Salad
298,Perfect Lemon Curd
299,Tom Collins Cocktail
300,Cornish Game Hens with Garlic and Rosemary
301,Easy Garlic-Lemon Scallops
302,Greek-Style Lemon Roasted Potatoes
303,Old-Fashioned Lemonade
304,Easy Lemon-Pepper Chicken Wings
305,Famous Chicken Française
306,Lemon Icing
307,The Best Lemon Vinaigrette
308,Frog Eye Salad
309,Air Fryer Lobster Tails with Lemon-Garlic Butter
310,Baked Fish Fillets
311,Vietnamese Grilled Lemongrass Chicken
312,Orange Crush! Fresh Squeezed Orange and Vodka Cocktail
313,The Ultimate Berry Crumble
314,Mandarin Orange Cake
315,"Warm Lemon, Honey, and Ginger Soother"
316,Candied Lemon Peel
317,Baked Salmon in Foil
318,Cranberry Orange Bread
319,Raspberry Jam without Pectin
320,Fresh Orange Juice
321,Lemon Chicken Orzo Soup
322,Simple Lemon Cake
323,Greek Lemon Chicken Soup
324,Lemon Cookies from Scratch
325,Orange Gelatin Salad
326,Quick and Easy Chicken
327,Parchment Baked Salmon
328,Pan-Fried Shrimp
329,Chicken with Lemon-Caper Sauce
330,Butterflied Roast Chicken with Lemon and Rosemary
331,Honey Lemon Tea
332,Lemon Cream Cheese Frosting
333,Lemon Cream Cheese Bars
334,Lemon-Orange Orange Roughy
335,Olive Oil Roasted Eggplant with Lemon
336,Wine Sauce for Seafood
337,Easy Lemon Cookies
338,Lemon Rosemary Salmon
339,Sautéed Swiss Chard with Parmesan Cheese
340,Old Fashioned Cocktail
341,Lemon Meringue Cheesecake
342,Real Aioli
343,Amazing Lemon Scones
344,Baked Banana Chips
345,Lemon Garlic Chicken
346,Slow Cooker Lemon Garlic Chicken
347,Pear Jam
348,Refreshing Cucumber Lemonade
349,Air-Fried Crumbed Fish
350,Mom's Peach Crisp
351,Peach Pie the Old Fashioned Two Crust Way
352,Peach Dump Cake
353,Quick and Easy Peach Cobbler
354,Basic Fruit Smoothie
355,Old Fashioned Peach Cobbler
356,Classic Bisquick Peach Cobbler
357,3-Ingredient Cake Mix Cobbler
358,Easy Batter Fruit Cobbler
359,Peach Preserves
360,Georgia Peach Homemade Ice Cream
361,Easy Peach Cobbler
362,Peach Muffins
363,Peach Pie with Frozen Peaches
364,Award Winning Peaches and Cream Pie
365,"Peaches and Cream, Literally"
366,Nana's Southern Pickled Peaches
367,Blueberry and Peach Crisp
368,Easy Peach Cobbler with Canned Peaches
369,Easy Fruit Cobbler
370,Butter Biscuit Peach Cobbler
371,Easy Peach Cobbler with Cake Mix
372,GA Peach Pound Cake
373,White Peachy Sangria
374,Southern Peach Cobbler
375,Peach Ice Cream
376,Crisp Peach Cobbler
377,Baked Peaches 'n Cream
378,Peach and Blackberry Cobbler
379,Freezer Peach Pie Filling
380,Peach Banana Smoothie
381,Peach Cake II
382,Peach Upside Down Cake I
383,Peach Pie
384,Best Peach Cobbler Ever
385,Peach Cobbler VI
386,Easy Stovetop Peach Cobbler
387,Single Crust Peach Pie
388,Fresh Peach Cobbler I
389,Marie's Peach Dump Cake
390,Peachy Bread Pudding with Caramel Sauce
391,Peach and Tomato Caprese Salad
392,Baked Peaches
393,Banana Peach Bread
394,Bananerberry Smoothie
395,Grandma's Peach French Toast
396,Fresh Peach Pie I
397,"Mango, Peach and Pineapple Salsa"
398,Grandma's Peach Cobbler
399,Homemade Peach Tea
400,Spicy Peach Chutney
401,Pear Tarte Tatin
402,Pear Sour Cream Pie
403,Sour Cream Pear Pie
404,Pear and Chocolate Tart
405,Pear Pie III
406,Rustic Autumn Fruit Tart
407,Cheddar Pear Pie
408,Hasselback Pear Tart
409,Scandinavian Pear Tart
410,Maple-Pear Tarte Tatin
411,Bartlett Pear Pie
412,French Pear Pie
413,Autumn Spiced Apple and Pear Hand Pies
414,Pear Pie
415,Pear Pie II
416,Pear and Hazelnut Frangipane Tart
417,French Puff Pastry Tart with Pears and Chocolate
418,Frangipane Pear Tart
419,d'Anjou Pear and Almond Tarts
420,Creamy Pear Pie
421,Jump Rope Pie
422,Dethbert's Pear Pie
423,Coffee-Dusted Pear Galette
424,Grandma's Pear Preserves
425,Pear Jam
426,Apple and Pear Crumble
427,Roquefort Pear Salad
428,Prickly Pear Jelly
429,Fresh Pear Cake
430,Classic Pear Crisp
431,Pear or Apple Cobbler
432,Pear Vinaigrette
433,Pear Bread I
434,Pear Honey
435,Curried Butternut Squash and Pear Soup
436,Pear Butter
437,Grilled Brie and Pear Sandwich
438,Pear Relish
439,Cranberry Sauce Extraordinaire
440,Pear and Blue Cheese Salad
441,Lime Pear Gelatin Salad
442,Apple-Cranberry Salad
443,Winter Fruit Salad with Lemon Poppyseed Dressing
444,Pear and Gorgonzola Cheese Pizza
445,Apple Pear Sauce
446,"Blue Cheese, Walnut, and Pear Pizza"
447,Poached Pears Belle Helene
448,Fruit Leather
449,Cranberry Pear Salad
450,"Summer Fruit Salad with a Lemon, Honey, and Mint Dressing"
451,Gorgonzola Pear Pasta
452,Duck Sauce
453,Christmas Plum Pudding
454,Plum Pudding
455,My Mother-in-Law's Plum Bread
456,Old Fashioned Prune Cake
457,Baby Food: Plum
458,Easy Plum Cake
459,Tangy Plum Liqueur
460,Plum Pie
461,Plum Cake
462,Roasted Pork Tenderloin with Fresh Plum Sauce
463,Plum Kuchen
464,Plum Pudding Sauce
465,Plum Clafouti
466,Plum Butter
467,Plum Blueberry Upside Down Cake
468,Spicy Oven-Roasted Plums
469,Pork with Plum Sauce
470,Prune Whip
471,Fresh Fruit Frangipane Tart
472,Plum Dumplings
473,Damson Plum Cardamom Jam
474,Fresh Fruit Cobbler
475,Prune Cake
476,Delicious Oat Bran Cereal
477,Banana Plum Bread
478,Rachel's Sugar Plum Spice Jam
479,Grandma Skeet's Prune Kolaches
480,Potato Plum Dumplings
481,Zwetschgendatschi (German Plum Sheet Cake)
482,Far Breton
483,Drozdzowka (Polish Yeast Plum Cake)
484,Judy's Brown Sauce
485,Plum Custard Kuchen
486,Pork Tenderloin with Balsamic Plum Reduction
487,Plum Pudding II
488,Peach and Plum Cake
489,Prune Filling
490,Plum Chipotle Sauce
491,Fruit-Stuffed Pork Loin
492,Plum Flummery
493,Ponche de Frutas (Fruit Punch)
494,Rogaliki (Polish Jam-Filled Crescents)
495,Zwetschekuchen (German Plum Tart)
496,Plum Buckle
497,Zucchini Plum Bread
498,Spinach Pomegranate Salad
499,Chiles en Nogada (Mexican Stuffed Poblano Peppers in Walnut Sauce)
500,Christmas Pomegranate Salad
501,Brenda's Apple and Pomegranate Crisp
502,Pomegranate Holiday Cocktail
503,Pomegranate Jelly
504,Lamb Braised in Pomegranate
505,Pomegranate Molasses Barbecue Sauce
506,Yummy Pomegranate Vinaigrette Dressing
507,Middle Eastern Rice Pilaf with Pomegranate
508,Pear and Pomegranate Salad
509,Heart Healthy Blueberry Smoothie
510,Homemade Grenadine
511,Spiced Pears and Pomegranate
512,Chef John's Sweet Potato Biscuits
513,Spinach and Persimmon Salad with Goat Cheese and Pomegranate
514,Pavlova with Winter Fruits
515,Cranberry-Pomegranate Mimosa
516,Holiday Cranberry-Pomegranate Sauce
517,Pomegranate Stew with Chicken (Khoresh Fesenjan)
518,Cranberry Pomegranate Sauce
519,Smokey Butternut Squash Soup
520,Pomegranate Grenadine
521,Halloumi Three-Bean Salad with Pomegranate-Harissa Vinaigrette
522,Salmon with Pomegranate Glaze
523,"Apple, Pomegranate, and Pecan Salad"
524,Creamy Pomegranate Ice Cream
525,Spiced Pomegranate Syrup
526,Roasted Pork Shoulder with Pomegranate Sauce
527,Holiday Pomegranate Mignonette
528,Freekeh Salad with Tahini Dressing
529,Pretty Pomegranate Salad
530,Pomegranate Relish
531,Khoresht Fesenjaan (Chicken with Pomegranate Sauce)
532,"Persimmon, Pomegranate, and Massaged Kale Salad"
533,Zesty Salad
534,"Quinoa Salad with Broccoli, Nuts, and Pomegranate"
535,Healthy Apple and Kale Salad
536,Pomegranate Glazed Carrots
537,World's Best Guacamole
538,Persimmon Bread I
539,Persimmon Bread II
540,Fuyu Persimmon Pie
541,Easy Persimmon Jam
542,Persimmon Pie
543,Old-Fashioned Persimmon Pudding
544,Persimmon Cake
545,Soft Persimmon Cookies
546,Spiced Persimmon Butter
547,Old-Fashioned Persimmon Cookies
548,Persimmon Muffins
549,Persimmon Bars
550,Persimmon Oatmeal Cookies
551,Banana and Persimmon Cinnamon Muffins
552,Persimmon Cheesecake
553,Spinach and Persimmon Salad with Goat Cheese and Pomegranate
554,Butternut Squash Soup with Persimmon
555,Persimmon Chocolate Chip Cookies
556,Pavlova with Winter Fruits
557,Gingered Apple-Persimmon Compote
558,Persimmon Upside Down Cake
559,Nonnie's Persimmon Pudding
560,Freezer Persimmon Jam
561,Fuyu Persimmon and Burrata Caprese Salad
562,Cranberry Persimmon Bread
563,Gram's Persimmon Pudding
564,Granny Franny's Persimmon Curry Chili
565,Roasted Persimmon-Burrata Focaccia
566,Persimmon Cookies IV
567,Persimmon Bread III
568,Persimmon Raisin Yeast Bread
569,Deep Dish Persimmon Pie
570,Persimmon Raisin Cookies
571,Harriet Davis's Indiana Persimmon Pudding
572,Persimmon Pudding Pie
573,Christmas Cranberry-Persimmon Loaf
574,Paleo Persimmon Pie
575,"Persimmon, Pomegranate, and Massaged Kale Salad"
576,Auntie's Persimmon Cookies
577,Persimmon Cookies III
578,Sandra's Persimmon Pudding
579,Spicy Persimmon Chutney
580,Sweet Persimmon Fireside Cookies
581,Banana Chocolate Chip Bread
582,Joy's Easy Banana Bread
583,Banana Muffins
584,Peanut Butter Banana Smoothie
585,Janet's Rich Banana Bread
586,Bananas Foster
587,Banana Cream Pie
588,Banana Oat Muffins
589,Extreme Banana Nut Bread 'EBNB'
590,Ultimate Banana Muffins
591,Banana Crumb Muffins
592,Banana Cake
593,Chocolate Banana Peanut Butter Protein Shake
594,Fruit and Yogurt Smoothie
595,Banana Pudding
596,Strawberry Oatmeal Breakfast Smoothie
597,A-Number-1 Banana Cake
598,Banana Sour Cream Bread
599,The Best Banana Bread
600,Spinach and Banana Power Smoothie
601,Basic Fruit Smoothie
602,Southern Style Banana Split Cake
603,Chocolate Banana Muffins
604,Vegan Banana Muffins
605,Pineapple and Banana Smoothie
606,Sarah's Banana Bread Muffins
607,Air Fryer Roasted Bananas
608,Banana Chocolate Chip Cookies
609,Best Yet Banana Mini Muffins
610,Homemade Banana Pudding
611,Banana Pumpkin Bread
612,Banana Bread - Quick Bread for Machines
613,Banana Fritters
614,Blueberry Banana Bread
615,Almost No Fat Banana Bread
616,Banana Chocolate Chip Cake
617,Hearty Breakfast Muffins
618,Bob's Stuffed Banana Peppers
619,Easy Kids' Recipe for Fluffy Banana Cookies
620,Easy Mango Banana Smoothie
621,Strawberry Banana Protein Smoothie
622,Baked Banana Chips
623,Porridge
624,Brown Sugar Banana Bread
625,Hummingbird Cake
626,Clean Banana Oat Cookies
627,Quick Banana Milkshake (Ice Cream Free)
628,Banana Bran Muffins
629,Strawberry Orange Banana Smoothie
630,Banana Loaf
631,Southern-Style Baked Banana Pudding
632,Healthy Chocolate Smoothie
633,Simple Banana Bread
634,Overnight Chia Oats
635,Easy Banana Brownies
636,Easy Banana Loaf Cake
637,Cream Cheese Banana Bread
638,Kiwi Jam
639,Kiwi Banana Apple Smoothie
640,PHILADELPHIA® Fruit Pizza
641,Fruit Pizza Even Better
642,Fresh Fruit Tart with Mascarpone
643,Poblano and Ground Pork Tacos
644,"Strawberry, Kiwi, and Spinach Salad"
645,Supreme Green Smoothie
646,Furutsu Sando (Fruit Sandwiches)
647,Tropical Kiwi Ice Pops
648,Kiwi-Lime Pork Ribs
649,Caribbean Health Drink
650,Spicy Fruit Salsa
651,Pavlova Deluxe
652,White Sangria with Kiwi
653,Strawberry Kiwi Tartlets
654,LaWanna's Mango Salsa on Tilapia Fillets
655,A Drama Queen's Pavlova
656,Creamy Kiwi Sandwich
657,Char Siu (Chinese Barbeque Pork)
658,Strawberry-Kiwi Slush
659,Lemon Pretzel Salad with Mango and Kiwi
660,Simple Strawberry Salsa
661,Kale with Kiwi
662,Crazy Fruit Smoothie
663,Healthier Absolutely the Best Chocolate Chip Cookies
664,Fruit Pizza Trifles To Go
665,Sweet Salsa and Cinnamon Chips
666,Tart Tropical Parfait
667,Grilled Tilapia with Mango Salsa
668,Jicama Mango Salad with Cilantro and Lime
669,Mango Jam
670,Mango-Habanero Chicken Wings
671,Mahi Mahi with Coconut Rice and Mango Salsa
672,Mango Bread
673,White Peachy Sangria
674,Maui Girl's Mango Pie
675,Healthy Fish Tacos with Mango Salsa
676,Sweet and Kickin' Mango-Habanero Hot Sauce
677,Lela's Protein Mango Smoothie
678,Spicy Mango Sauce
679,Fresh Mango Salsa
680,Creamy Mango Smoothie
681,Easy Mango Cake
682,Easy Mango Salad
683,Mango Sorbet
684,Delightfully Exotic Mango Cake
685,Blackened Tuna Steaks with Mango Salsa
686,Peanut Butter Mango Smoothie
687,Mango Watermelon Smoothie
688,Fresh Mango Muffins
689,Mango Cilantro Slaw
690,Mango Oatmeal Breakfast Smoothie
691,"Mango, Peach and Pineapple Salsa"
692,Real Indian Mango Chutney
693,Mango Chutney
694,Smoked Salmon Poke Bowl
695,Summertime Mango Drink
696,Mango Salsa Salmon
697,Spicy Mango Salad
698,Mango-Pineapple Chutney
699,Mexican Mango and White Fish Ceviche
700,Simple Mango Pudding
701,Mommy's Mango Cobbler
702,Mangonada Jell-O Shots
703,Mango-Peach Smoothie
704,Blackened Salmon Tacos with Chunky Mango Avocado Salsa
705,Pineapple Mango Habanero Jam
706,Easy Fish Tacos with Mango-Pineapple Slaw
707,Jerk Chicken Egg Rolls with Mango-Habanero Sauce
708,Coconut-Lime Cheesecake with Mango Coulis
709,Mango Topping
710,Mango Cherry Smoothie
711,Macadamia-Crusted Sea Bass with Mango Cream Sauce
712,Caribbean Fish With Mango Salsa
713,Chamoyada
714,Peach-Mango-Habanero Wing Sauce
715,Savory Mango Guacamole
716,Mango Relish
717,Mango Overnight Oats
718,Strawberry Mango Mesclun Salad
719,Tropical Mango-Pineapple-Berry Smoothie
720,Bourbon-Mango Pulled Pork
721,"Chicken, Avocado and Mango Salad"
722,Blue Hawaiian Cocktail
723,Brown Sugar and Pineapple Glazed Ham
724,Jamaican Rum Punch
725,T.G.I. Friday's Jack Daniels Sauce
726,Easy Pineapple Cake
727,Frog Eye Salad
728,Pineapple Upside Down Cupcakes
729,Brazilian Grilled Pineapple
730,Ham with Pineapple
731,Pineapple Upside-Down Cake in a Glass
732,Pineapple and Banana Smoothie
733,Pineapple Stuffing
734,Grilled Pineapple
735,Pineapple Crisp
736,Pineapple Angel Food Cake
737,Easy Pineapple Chicken
738,Old Fashioned Pineapple Upside-Down Cake
739,Singapore Sling Cocktail
740,Pineapple Upside-Down Bundt Cake
741,Pineapple Cleanser Smoothie
742,Hawaiian Meatballs
743,Baked Pineapple Casserole
744,Grandma's Skillet Pineapple Upside-Down Cake
745,Auntie Midge's Hawaiian Salad
746,Pineapple Sweet and Sour Sauce
747,Thai Pineapple Chicken Curry
748,Pineapple-Infused Vodka
749,Pineapple Pie
750,Pineapple Pork Chops
751,Pineapple Upside Down Cake from DOLE®
752,Angel Lush with Pineapple from DOLE®
753,Baked Ham with Sweet Glaze
754,Zucchini Pineapple Bread I
755,Fresh Pineapple Salsa
756,Instant Pot® Ham
757,Hawaiian Cole Slaw
758,Delicious Pineapple Muffins
759,Instant Pot Tacos al Pastor
760,Baked Pineapple
761,Easy Sweet and Sour Chicken
762,World's Best Cream Cheese and Pineapple Dip
763,Precious Pineapple Cake
764,Sweet and Sour Chicken III
765,Ham and Pineapple Dinner
766,White Peachy Sangria
767,Pineapple Bread
768,Pineapple Glaze for Ham
769,Sweet and Sour Pork Tenderloin
770,Cranberry JELL-O Salad
771,Southern Pineapple Casserole
772,Rosa Marina Fruit Salad
773,Hawaiian Chicken Kabobs
774,Slow Cooker Tacos al Pastor
775,Hawaiian Pineapple Chicken
776,BBQ Teriyaki Pork Kabobs
777,Air Fryer Roasted Pineapple
778,Green Papaya Salad
779,Mango Papaya Salsa
780,Fruit Batido
781,Papaya Surprise Smoothie
782,Grilled Macadamia-Crusted Tuna with Papaya Salsa
783,Papaya Bread
784,Papaya Bruschetta
785,Tropical Island Fruit Salad
786,Pawpaw (Papaya) And Mango Punch
787,Green Papaya Salad (Som Tam Malakor)
788,Papaya Boats
789,Mango Papaya Fruit Salad
790,Mexican Green Papaya Salad
791,Papaya-Stuffed Chicken and Basmati Rice
792,Georgie's Mango Papaya Salad
793,Thai-Inspired Confetti Salad
794,Baby Back Ribs with Papaya Sauce
795,Papaya Passion Smoothie
796,Watermelon Fish Snack for Kids
797,Cobb Salad
798,Avocado Breakfast Sandwich
799,Seven-Layer Dip
800,Avocado Smoothie
801,Homemade Sushi
802,Avocado Salad
803,Chocolate Avocado Pudding
804,Traditional Mexican Guacamole
805,Mexican Chicken Soup
806,Roquefort Pear Salad
807,"Banana, Avocado, and Spinach Smoothie"
808,Paleo Baked Eggs in Avocado
809,Cucumber and Avocado Sushi
810,Honduran Baleadas
811,Mexican Shrimp Cocktail
812,Simple Avocado Milkshake
813,Avocado Tomatillo Salsa
814,Avocado Mango Salsa
815,Filipino Avocado Milkshake
816,Black Bean Avocado Salsa
817,"Spinach Salad with Chicken, Avocado, and Goat Cheese"
818,Best Guacamole
819,Avocado Quick Bread
820,Chicken Stuffed Baked Avocados
821,Mexican Pizza I
822,Carne Asada Tacos
823,Smoked Salmon Sushi Roll
824,Avocado Deviled Eggs
825,Mexican Chicken and Rice Soup (Sopa de Pollo y Arroz)
826,Easy Arugula Salad
827,California Roll Sushi
828,Avocado Shrimp Ceviche-Estillo Sarita
829,Avocado Toast (Vegan)
830,Quesadillas I
831,Avocado Toast with Egg
832,"Kale, Quinoa, and Avocado Salad with Lemon Dijon Vinaigrette"
833,Awesome Turkey Sandwich
834,Grilled Avocados
835,Taco Salad III
836,Vegetarian Tortilla Soup
837,Easy Keto Beef Tacos
838,Turkey Avocado Panini
839,Corn and Avocado Salsa
840,Harvest Salad
841,Warm Shrimp Salad
842,Avocado Soup with Chicken and Lime
843,Meyer Lemon Avocado Toast
844,Mexican Baked Fish
845,Easy Never Forgotten Guacamole
846,Avocado Dressing
847,Avocado Egg Salad
848,Absolutely Amazing Ahi
849,Quick and Easy Guacamole
850,Mexican Botana Platter
851,Salsa Salad
852,Avocado Dessert
853,Black Bean Breakfast Bowl
854,Avocado Cream Sauce
855,Mean Green Guacamole Salsa
856,Apricot Pork Tenderloin
857,Apricot Pie
858,Apricot Brown Sugar Ham
859,Fresh Apricot Cobbler
860,Apricot-Glazed Pork Chops
861,Dried Apricot Jam
862,Slow Cooker Chicken Tagine
863,Apricot Chutney
864,Apricot Cream Cheese Thumbprints
865,Moroccan Beef and Lentil Stew
866,Dried Apricot Pie
867,Instant Pot Chicken Tagine with Apricots and Chickpeas
868,Fruity Couscous Salad
869,Moroccan Chicken Tagine
870,Simple Apricot-Glazed Meatloaf
871,Apricot Chicken Curry
872,Apricot Leather
873,Fresh Apricot Crisp
874,Apricot Lentil Soup
875,Oat-Free and Gluten-Free Granola Bars (Clean Eating)
876,Honey Apricot Pork Chops
877,Apricot Cookies
878,Apricot Danish Coffee Cake
879,Apricot Muffins
880,Apricot Pork Chops
881,Apricot and Honey Ham Glaze
882,Apricot Brandy Pound Cake III
883,Moroccan Lamb Stew with Apricots
884,Apricot Nectar Cake II
885,Homemade Apricot Jam
886,Apricot-Glazed Pork Ribs
887,Energy Bars
888,Apricot Chicken with Balsamic Vinegar
889,Apricot Cheesecake
890,Apricot Noodle Kugel
891,Great-Grandmother Bubbie's Hamantaschen
892,Apricot and Cranberry Stuffed Roast Pork Loin With Port Wine Pan Sauce
893,Apricot Salsa
894,Streamline Hungarian Torte
895,Capirotada (Mexican Dessert)
896,Apricot Glazed Chicken
897,"Cranberry Sauce with Apricots, Raisins, and Orange"
898,Apricot Glazed Carrots
899,Fruit-Stuffed Pork Loin
900,Apricot-Pecan Sweet Potatoes
901,Ma Lipo's Apricot-Glazed Turkey with Roasted Onion and Shallot Gravy
902,Apricot Glazed Ham
903,Apricot Brandy and Peach Schnapps Pound Cake
904,Aileen's Punch
905,Southern Apricot Chicken
906,Spicy Air Fryer Pork Chops with Apricot Glaze
907,Boozy Apricot Jam
908,Espresso Biscotti
909,Apricot Balls
910,Nectarine Jam
911,Nectarine Pie
912,"Summer Fruit Salad with a Lemon, Honey, and Mint Dressing"
913,Chef John's Nectarine Salsa
914,Easy Grilled Nectarines
915,Fabulous Fruit Salad
916,Summer Fruit Salad with Whipped Cream
917,"Spinach, Nectarine, and Halloumi Salad"
918,Grilled Pork Chops with Fresh Nectarine Salsa
919,Flavored Water
920,Peach and Nectarine Crumble
921,Caramelized Nectarine
922,Vegan Overnight Oats with Chia Seeds and Fruit
923,Nectarine Upside-Down Cake
924,Nectarine Salsa
925,Caribbean Chicken
926,Grilled Honey-Nectarine Ricotta Toast
927,Apple and Nectarine Pie
928,Nectarine Blush
929,"Summer Nectarine, Tomato, and Cucumber Salad"
930,Sticky Orange Chicken with Nectarines
931,Nectarine-Raspberry Crumble
932,Nectarine Bars
933,"Summer Salad with Burrata, Tomatoes, and Nectarines"
934,Drupey Pie
935,Fresh Fruit Basket Cobbler
936,Summer Fruit Salad II
937,KK's Three Fruit Cobbler
938,Fresh Nectarine Cake with Blackberries
939,Seven Layer Bars
940,Nanaimo Bars
941,German Chocolate Cake Frosting
942,Frog Eye Salad
943,Gingerbread Cookie Frosting
944,Coconut Poke Cake
945,Coconut Shrimp
946,Chia Coconut Pudding with Coconut Milk
947,Tembleque Puerto Rican Coconut Pudding
948,Oatmeal Chocolate Coconut Macaroons
949,No-Bake Chocolate Coconut Cookies
950,Irish Potato Candy
951,Incredibly Delicious Italian Cream Cake
952,Coconut Custard Pie
953,Air Fryer Coconut Shrimp
954,Chococonut Chip Cookies
955,Five Flavor Pound Cake
956,Moist Carrot Cake
957,Impossible Coconut Pie
958,Ginataang Manok (Chicken Cooked in Coconut Milk)
959,Coquito
960,Maja Blanca
961,Oatmeal Chocolate Coconut Chewy
962,Hello Dollies I
963,Haystacks I
964,Cream Cheese Fruit Salad
965,Coconut Oil Popcorn
966,Thirty Day Friendship Cake
967,Granola Bars
968,Earthquake Cake II
969,Coconut Jasmine Rice
970,Umm Ali
971,Lamingtons
972,Coconut Pecan Frosting II
973,Bionicos (Mexican Fruit Bowls)
974,Queen Elizabeth Cake I
975,Sweet Coconut Rice
976,Coconut Pie
977,Coconut Cream Pie I
978,Instant Pot Coconut Curry Chicken
979,Coconut Lime Rice
980,Coconut Rice
981,Flan de Coco (Coconut Flan)
982,Sweet Coconut Oatmeal
983,No Crust Coconut Pie
984,Coconut Coconut Milk Cake
985,5 Cup Salad
986,Creamy Coconut Milk Rice Pudding
987,Mango Bread
988,Chewy Coconut Bibingka (Filipino Rice Cake)
989,Ono Butter Mochi
990,Swedish Chocolate Balls (or Coconut Balls)
991,Willard Family German Chocolate Cake
992,Coconut Cream Pound Cake
993,No-Bake Chocolate-Oatmeal Drop Cookies
994,Guyanese Coconut Buns
995,Limber de Coco (Coconut Ice)
996,Coconut-Cream Cheese Frosting
997,Anzac Biscuits (Australian Coconut-Oat Cookies)
998,Cranberry Pumpkin Cookies
999,To Die For Blueberry Muffins
1000,Perfect Summer Fruit Salad
1001,Strawberry Jam
1002,Strawberry Pretzel Salad
1003,Homemade Blueberry Pie
1004,Supreme Strawberry Topping
1005,Crustless Cranberry Pie
1006,Apple-Cranberry Crisp
1007,Blueberry Smoothie
1008,Baked Oatmeal
1009,Strawberry Pie
1010,Blackberry Pie
1011,Easy Cranberry Orange Relish
1012,Overnight Blueberry French Toast
1013,Chocolate-Covered Strawberries
1014,Rhubarb and Strawberry Pie
1015,Easy Small-Batch Blueberry Jam
1016,Melt in Your Mouth Blueberry Cake
1017,Raspberry and Almond Shortbread Thumbprints
1018,Todd's Famous Blueberry Pancakes
1019,Fresh Raspberry Sauce
1020,Strawberry Freezer Jam
1021,Fruit and Yogurt Smoothie
1022,Strawberry Oatmeal Breakfast Smoothie
1023,Strawberry Spinach Salad
1024,Basic Fruit Smoothie
1025,Fruit Pizza
1026,Virgin Strawberry Daiquiri
1027,Strawberry Shortcake
1028,Strawberry Cheesecake
1029,Easy Strawberry Vinaigrette
1030,Strawberry Cake Filling
1031,The Ultimate Berry Crumble
1032,B and L's Strawberry Smoothie
1033,Creamy Strawberry Crepes
1034,"Awesome Sausage, Apple and Cranberry Stuffing"
1035,Strawberry Muffins
1036,Cranberry Orange Bread
1037,Raspberry Jam without Pectin
1038,Cocktail Meatballs
1039,Simple Strawberry Syrup
1040,Blueberry Tea Cocktail
1041,Easy Strawberry Shortcake
1042,Cheesecake-Stuffed Strawberries
1043,Best Strawberry Cake from Scratch
1044,Fresh Cranberry Sauce
1045,White Chocolate and Cranberry Cookies
1046,Spinach and Strawberry Salad
1047,Cranberry Orange Cookies
1048,Easy Blueberry Cobbler
1049,White Chocolate Raspberry Cheesecake
1050,Delicious Raspberry Oatmeal Cookie Bars
1051,Cranberry Pistachio Biscotti
1052,Strawberry Pie Filling
1053,Blueberry Simple Syrup
1054,Jamie's Cranberry Spinach Salad
1055,Food for the Gods
1056,Bacon Wrapped Dates Stuffed with Blue Cheese
1057,Queen Elizabeth Cake I
1058,Low-Sugar Date Brownies
1059,Date Nut Bread
1060,Date Balls
1061,Sticky Toffee Pudding Cake
1062,Date Nut Loaf Cake
1063,Mother's Applesauce Cake
1064,Devils on Horseback
1065,Coconut Date Balls
1066,Ma'amoul (Lebanese Date Cookies)
1067,Sugar-Free Date Cookies
1068,Energy Balls without Peanut Butter
1069,Date Loaf Cake
1070,Bacon Wrapped Dates
1071,Matrimonial Bars
1072,Walnut Date Balls
1073,Date Nut Pinwheel Cookies II
1074,Date and Nut Bars
1075,Bacon and Date Appetizer
1076,Cherry Winks
1077,Pecan Pie Energy Bites
1078,Date Nut Pinwheel Cookies I
1079,Eggless Date Cake
1080,Coconut Date Bars
1081,Great-Grandma Cathy's Date Loaf Candy
1082,Power Cookies
1083,Reshteh Polo (Persian Noodle Rice)
1084,Paleo Almond Date Cookies
1085,Date-Nut Balls
1086,Jamaica Cake
1087,Best Hot Sauce
1088,Moist Date Nut Bread
1089,Chef John's Chocolate Energy Bars
